1;Kornelia;Lis;98032891767;Oczekuje na oplate;;0
2;Żaneta;Krupa;1290856849;Oczekuje na oplate;;0
3;Antonina;Kaczmarczyk;99123018564;Oczekuje na oplate;;0
4;Anastazja;Przybylska;99070364646;Oczekuje na oplate;;0
5;Andżelika;Ostrowska;99042085685;Oczekuje na oplate;;0
6;Dominika;Jankowska;3231112766;Oczekuje na oplate;;0
7;Alice;Lis;96012726881;Oczekuje na oplate;;0
8;Dagmara;Głowacka;3292749288;Oczekuje na oplate;;0
9;Katarzyna;Górecka;99090239548;Oczekuje na oplate;;0
10;Anatolia;Kowalczyk;3302331641;Oczekuje na oplate;;0
11;Amalia;Chmielewska;96021079882;Oczekuje na oplate;;0
12;Bogda;Andrzejewska;98031871441;Oczekuje na oplate;;0
13;Paulina;Stępień;251751166;Oczekuje na oplate;;0
14;Diana;Głowacka;2302716986;Oczekuje na oplate;;0
15;Wanda;Zakrzewska;96092672562;Oczekuje na oplate;;0
16;Andżelika;Sokołowska;97012176584;Oczekuje na oplate;;0
17;Aisha;Jakubowska;211744865;Oczekuje na oplate;;0
18;Marysia;Woźniak;2211413561;Oczekuje na oplate;;0
19;Milena;Dąbrowska;98062388622;Oczekuje na oplate;;1
20;Anatolia;Czarnecka;98031163328;Oczekuje na oplate;;0
21;Bogumiła;Andrzejewska;3211311743;Oczekuje na oplate;;0
22;Julita;Mróz;97040225641;Oczekuje na oplate;;0
23;Zofia;Sikora;99090194643;Oczekuje na oplate;;0
24;Alisa;Szymańska;2252954562;Oczekuje na oplate;;0
25;Bogna;Kołodziej;98031466469;Oczekuje na oplate;;0
26;Natalia;Szewczyk;230172887;Oczekuje na oplate;;0
27;Beata;Jaworska;96081857664;Oczekuje na oplate;;0
28;Malwina;Mazurek;3311328241;Oczekuje na oplate;;0
29;Magdalena;Szczepańska;97011934822;Oczekuje na oplate;;0
30;Kamila;Witkowska;3301659487;Oczekuje na oplate;;0
31;Edyta;Sikora;96072333742;Oczekuje na oplate;;0
32;Amalia;Kowalczyk;96090214645;Oczekuje na oplate;;0
33;Otylia;Zawadzka;97041272741;Oczekuje na oplate;;0
34;Florentyna;Michalak;98112477463;Oczekuje na oplate;;0
35;Krystyna;Szczepańska;2230434486;Oczekuje na oplate;;0
36;Aniela;Krupa;96100933568;Oczekuje na oplate;;0
37;Paulina;Krajewska;99050855821;Oczekuje na oplate;;0
38;Żaneta;Sawicka;97123174844;Oczekuje na oplate;;0
39;Karolina;Górecka;98040444326;Oczekuje na oplate;;0
40;Jagoda;Woźniak;2281297487;Oczekuje na oplate;;0
41;Stefania;Zawadzka;1222018622;Oczekuje na oplate;;0
42;Amalia;Stępień;2240326984;Oczekuje na oplate;;0
43;Helena;Woźniak;1250437743;Oczekuje na oplate;;0
44;Oktawia;Wojciechowska;97030126682;Oczekuje na oplate;;0
45;Paula;Krajewska;99020633284;Oczekuje na oplate;;0
46;Aisha;Kamińska;96111697286;Oczekuje na oplate;;0
47;Łucja;Włodarczyk;1240932667;Oczekuje na oplate;;0
48;Malwina;Pawlak;2262788685;Oczekuje na oplate;;0
49;Matylda;Gajewska;96070979966;Oczekuje na oplate;;0
50;Krystyna;Sikora;212818767;Oczekuje na oplate;;0
51;Marlena;Przybylska;98022597389;Oczekuje na oplate;;0
52;Adrianna;Rutkowska;97060182382;Oczekuje na oplate;;0
53;Marysia;Michalak;221364727;Oczekuje na oplate;;0
54;Wiktoria;Kwiatkowska;1231364367;Oczekuje na oplate;;0
55;Jolanta;Chmielewska;96110114629;Oczekuje na oplate;;0
56;Anna;Wysocka;3301914429;Oczekuje na oplate;;0
57;Ilona;Jakubowska;1283141725;Oczekuje na oplate;;0
58;Natasza;Brzezińska;2320763586;Oczekuje na oplate;;0
59;Zuza;Wasilewska;1231584763;Oczekuje na oplate;;1
60;Czesława;Kucharska;2280488244;Oczekuje na oplate;;0
61;Agata;Kowalczyk;96060242465;Oczekuje na oplate;;0
62;Maria;Kubiak;2232018989;Oczekuje na oplate;;0
63;Wiktoria;Gajewska;3321271267;Oczekuje na oplate;;1
64;Jola;Kowalska;2220655325;Oczekuje na oplate;;0
65;Wiktoria;Sikora;99061356827;Oczekuje na oplate;;0
66;Elena;Błaszczyk;99083076945;Oczekuje na oplate;;0
67;Jolanta;Lis;99121528885;Oczekuje na oplate;;0
68;Felicja;Witkowska;96092489988;Oczekuje na oplate;;0
69;Agnieszka;Baran;2220724629;Oczekuje na oplate;;0
70;Malwina;Wysocka;252362246;Oczekuje na oplate;;0
71;Franciszka;Kaźmierczak;99062714165;Oczekuje na oplate;;0
72;Pamela;Jankowska;98040464629;Oczekuje na oplate;;0
73;Honorata;Piotrowska;98082625846;Oczekuje na oplate;;0
74;Lila;Ziółkowska;1310682227;Oczekuje na oplate;;0
75;Angelika;Wasilewska;97022426468;Oczekuje na oplate;;0
76;Helena;Tomaszewska;99100132968;Oczekuje na oplate;;0
77;Wioletta;Pietrzak;97051173463;Oczekuje na oplate;;0
78;Bogda;Malinowska;98060881387;Oczekuje na oplate;;0
79;Eliza;Szymańska;96100786562;Oczekuje na oplate;;0
80;Ida;Jaworska;98102352389;Oczekuje na oplate;;0
81;Wanda;Czerwińska;321192921;Oczekuje na oplate;;0
82;Malwina;Krawczyk;98061469465;Oczekuje na oplate;;0
83;Beata;Wójcik;2260666347;Oczekuje na oplate;;0
84;Wioletta;Wróblewska;3212394268;Oczekuje na oplate;;0
85;Anastazja;Walczak;98041298221;Oczekuje na oplate;;0
86;Andżelika;Głowacka;3220547928;Oczekuje na oplate;;0
87;Aneta;Woźniak;97082922687;Oczekuje na oplate;;0
88;Zuza;Kozłowska;96071498743;Oczekuje na oplate;;0
89;Izyda;Sawicka;98041362841;Oczekuje na oplate;;0
90;Iza;Laskowska;3232514864;Oczekuje na oplate;;0
91;Ilona;Rutkowska;3270799641;Oczekuje na oplate;;0
92;Patrycja;Czerwińska;96112044568;Oczekuje na oplate;;0
93;Adriana;Kozłowska;3281176466;Oczekuje na oplate;;1
94;Helena;Krupa;2322277227;Oczekuje na oplate;;0
95;Patrycja;Szymczak;231735162;Oczekuje na oplate;;0
96;Asia;Adamska;97012535169;Oczekuje na oplate;;0
97;Daniela;Czarnecka;99110186685;Oczekuje na oplate;;0
98;Róża;Wójcik;1310765924;Oczekuje na oplate;;1
99;Daria;Wiśniewska;1290285128;Oczekuje na oplate;;0
100;Adrianna;Stępień;98011319161;Oczekuje na oplate;;0
101;Kornelia;Szulc;3210996523;Oczekuje na oplate;;0
102;Emilia;Maciejewska;98102685962;Oczekuje na oplate;;0
103;Hortensja;Lewandowska;97092687529;Oczekuje na oplate;;0
104;Aneta;Maciejewska;96041796787;Oczekuje na oplate;;0
105;Lidia;Szymczak;221997844;Oczekuje na oplate;;0
106;Czesława;Sawicka;1211165843;Oczekuje na oplate;;0
107;Magda;Dąbrowska;2233056148;Oczekuje na oplate;;0
108;Norbert;Piotrowski;2291477776;Oczekuje na oplate;;0
109;Remigiusz;Urbańska;96092687812;Oczekuje na oplate;;0
110;Franciszek;Krajewska;252083211;Oczekuje na oplate;;0
111;Diego;Malinowski;99061956133;Oczekuje na oplate;;0
112;Emil;Sadowska;96122323211;Oczekuje na oplate;;0
113;Maksymilian;Przybylski;292738931;Oczekuje na oplate;;0
114;Artur;Duda;98103047372;Oczekuje na oplate;;0
115;Paweł;Mazur;2300963533;Oczekuje na oplate;;0
116;Antoni;Bąk;98101684894;Oczekuje na oplate;;0
117;Jacek;Kaźmierczak;3281054195;Oczekuje na oplate;;0
118;Błażej;Lis;1271369175;Oczekuje na oplate;;0
119;Klaudiusz;Sawicki;1272988218;Oczekuje na oplate;;0
120;Igor;Czerwiński;99070244537;Oczekuje na oplate;;0
121;Robert;Czarnecki;1260931453;Oczekuje na oplate;;0
122;Kornel;Rutkowski;2312149451;Oczekuje na oplate;;0
123;Daniel;Kalinowski;1310849158;Oczekuje na oplate;;0
124;Daniel;Szewczyk;240214834;Oczekuje na oplate;;0
125;Henryk;Chmielewski;99112338295;Oczekuje na oplate;;0
126;Anatol;Borkowski;1253099971;Oczekuje na oplate;;0
127;Aleksander;Sobczak;2301791573;Oczekuje na oplate;;0
128;Joachim;Kamiński;98090899138;Oczekuje na oplate;;0
129;Ludwik;Andrzejewski;97062131414;Oczekuje na oplate;;0
130;Patryk;Kamiński;1280177792;Oczekuje na oplate;;0
131;Milan;Mazurek;3221042118;Oczekuje na oplate;;0
132;Julian;Malinowski;2300133699;Oczekuje na oplate;;0
133;Mariusz;Lewandowski;222481511;Oczekuje na oplate;;0
134;Aleksander;Górski;96102266873;Oczekuje na oplate;;0
135;Leonardo;Marciniak;99101625252;Oczekuje na oplate;;0
136;Ernest;Michalak;97052963359;Oczekuje na oplate;;0
137;Adrian;Błaszczyk;99102638677;Oczekuje na oplate;;0
138;Bruno;Zieliński;3231213214;Oczekuje na oplate;;0
139;Cyprian;Górski;3232144612;Oczekuje na oplate;;0
140;Leonardo;Szczepański;96050629173;Oczekuje na oplate;;0
141;Alex;Urbańska;1301017258;Oczekuje na oplate;;1
142;Gustaw;Brzeziński;2292498413;Oczekuje na oplate;;0
143;Konrad;Borkowski;96062584635;Oczekuje na oplate;;0
144;Jarosław;Baran;97081519936;Oczekuje na oplate;;0
145;Dariusz;Zieliński;99052348459;Oczekuje na oplate;;0
146;Konrad;Urbańska;1280648355;Oczekuje na oplate;;0
147;Józef;Sokołowski;2320384776;Oczekuje na oplate;;0
148;Konstanty;Jasiński;3291938975;Oczekuje na oplate;;0
149;Krystian;Borkowski;1232612933;Oczekuje na oplate;;0
150;Konrad;Sobczak;97102482395;Oczekuje na oplate;;0
151;Łukasz;Wasilewska;99042135595;Oczekuje na oplate;;1
152;Alojzy;Kamiński;322044531;Oczekuje na oplate;;0
153;Mateusz;Pawlak;99052637272;Oczekuje na oplate;;0
154;Mieszko;Głowacka;3210236113;Oczekuje na oplate;;0
155;Edward;Czerwiński;98112473872;Oczekuje na oplate;;0
156;Daniel;Włodarczyk;282972374;Oczekuje na oplate;;0
157;Fryderyk;Czerwiński;97090717398;Oczekuje na oplate;;0
158;Juliusz;Wróblewski;250889697;Oczekuje na oplate;;0
159;Alex;Wiśniewski;97010352436;Oczekuje na oplate;;0
160;Alfred;Gajewska;1262143238;Oczekuje na oplate;;0
161;Błażej;Górski;2221551859;Oczekuje na oplate;;0
162;Oskar;Kowalski;98060922677;Oczekuje na oplate;;0
163;Gabriel;Michalak;3272969873;Oczekuje na oplate;;0
164;Franciszek;Błaszczyk;2281577215;Oczekuje na oplate;;0
165;Mirosław;Mazurek;99093014472;Oczekuje na oplate;;0
166;Alan;Kaźmierczak;211763839;Oczekuje na oplate;;0
167;Grzegorz;Andrzejewski;1292456832;Oczekuje na oplate;;0
168;Anastazy;Piotrowski;96122852238;Oczekuje na oplate;;0
169;Dobromił;Czerwiński;99122184736;Oczekuje na oplate;;0
170;Filip;Wojciechowski;1323191918;Oczekuje na oplate;;0
171;Olaf;Urbańska;2252367719;Oczekuje na oplate;;0
172;Grzegorz;Walczak;300636112;Oczekuje na oplate;;0
173;Fabian;Laskowska;1251472817;Oczekuje na oplate;;0
174;Kazimierz;Górecki;2292855591;Oczekuje na oplate;;0
175;Jacek;Stępień;3240855939;Oczekuje na oplate;;0
176;Ryszard;Kucharski;1211594672;Oczekuje na oplate;;0
177;Juliusz;Nowak;241121454;Oczekuje na oplate;;0
178;Rafał;Czerwiński;242236595;Oczekuje na oplate;;0
179;Amir;Przybylski;99090795851;Oczekuje na oplate;;0
180;Igor;Lewandowski;3241035738;Oczekuje na oplate;;0
181;Arkadiusz;Bąk;96091092994;Oczekuje na oplate;;0
182;Artur;Kalinowski;97030877892;Oczekuje na oplate;;0
183;Bruno;Adamska;292558773;Oczekuje na oplate;;0
184;Bronisław;Sikorska;97062939555;Oczekuje na oplate;;0
185;Alex;Krajewska;291867296;Oczekuje na oplate;;0
186;Jacek;Wójcik;242987576;Oczekuje na oplate;;0
187;Konrad;Szulc;99041157273;Oczekuje na oplate;;0
188;Emanuel;Kowalski;2262951492;Oczekuje na oplate;;0
189;Dariusz;Wasilewska;1312765236;Oczekuje na oplate;;0
190;Mirosław;Sawicki;99071076236;Oczekuje na oplate;;0
191;Milan;Rutkowski;98052235336;Oczekuje na oplate;;0
192;Kewin;Czerwiński;96111839895;Oczekuje na oplate;;0
193;Miron;Pietrzak;98052261973;Oczekuje na oplate;;0
194;Joachim;Stępień;98021556752;Oczekuje na oplate;;0
195;Mirosław;Czarnecki;2242987693;Oczekuje na oplate;;0
196;Marcel;Gajewska;96081361451;Oczekuje na oplate;;0
197;Mirosław;Sokołowski;99061942358;Oczekuje na oplate;;0
198;Przemysław;Szewczyk;96062667332;Oczekuje na oplate;;0
199;Bogumił;Szulc;3211458572;Oczekuje na oplate;;0
200;Diego;Krajewska;2222734415;Oczekuje na oplate;;0
201;Michał;Kwiatkowski;98032594134;Oczekuje na oplate;;0
202;Milan;Szczepański;3270451671;Oczekuje na oplate;;0
203;Damian;Krajewska;2281974197;Oczekuje na oplate;;0
204;Gabriel;Ziółkowska;97020832337;Oczekuje na oplate;;0
205;Mikołaj;Szymański;98062121432;Oczekuje na oplate;;0
206;Gabriel;Sobczak;98080387298;Oczekuje na oplate;;0
207;Eustachy;Kozłowski;2241314919;Oczekuje na oplate;;0
208;Remigiusz;Mróz;2290533358;Oczekuje na oplate;;0
209;Alek;Borkowski;290799239;Oczekuje na oplate;;0
210;Janusz;Pawlak;2220472874;Oczekuje na oplate;;0
211;Igor;Mazur;2321974774;Oczekuje na oplate;;0
212;Kuba;Walczak;3313026833;Oczekuje na oplate;;0
213;Miłosz;Kucharski;2211494511;Oczekuje na oplate;;0
214;Adrian;Czerwiński;1260843178;Oczekuje na oplate;;0
215;Gabriel;Górski;2242215738;Oczekuje na oplate;;0
216;Daniel;Sokołowski;97081874794;Oczekuje na oplate;;0
217;Oktawian;Szulc;1322931351;Oczekuje na oplate;;0
218;Robert;Zawadzki;99013058432;Oczekuje na oplate;;0
219;Juliusz;Baranowski;97060287872;Oczekuje na oplate;;0
220;Marcin;Lewandowski;2292814772;Oczekuje na oplate;;0
221;Korneliusz;Zieliński;98122653994;Oczekuje na oplate;;0
222;Józef;Kamiński;301072377;Oczekuje na oplate;;0
223;Bronisław;Czarnecki;98020559879;Oczekuje na oplate;;0
224;Amadeusz;Kaźmierczak;97061269433;Oczekuje na oplate;;0
225;Patryk;Wysocki;96061127213;Oczekuje na oplate;;1
226;Fryderyk;Błaszczyk;96102955311;Oczekuje na oplate;;0
227;Julian;Zawadzki;96050739692;Oczekuje na oplate;;0
228;Maksymilian;Wasilewska;99081984415;Oczekuje na oplate;;0
229;Kamil;Wasilewska;2321396794;Oczekuje na oplate;;0
230;Lucjan;Sikorska;96112083217;Oczekuje na oplate;;0
231;Paweł;Laskowska;2261533538;Oczekuje na oplate;;0
232;Anastazy;Szymczak;96051855652;Oczekuje na oplate;;0
233;Martin;Baran;98080357459;Oczekuje na oplate;;0
234;Krystian;Górski;97010435799;Oczekuje na oplate;;0
235;Adrian;Andrzejewski;98101199897;Oczekuje na oplate;;0
236;Alojzy;Sobczak;3272143752;Oczekuje na oplate;;0
237;Mikołaj;Wójcik;322816554;Oczekuje na oplate;;0
238;Alfred;Baran;2211099716;Oczekuje na oplate;;0
239;Kordian;Kalinowski;98022085174;Oczekuje na oplate;;0
240;Alexander;Walczak;96011741357;Oczekuje na oplate;;0
241;Franciszek;Marciniak;312688194;Oczekuje na oplate;;0
242;Aleks;Baranowski;1210738116;Oczekuje na oplate;;0
243;Alfred;Błaszczyk;98051979233;Oczekuje na oplate;;0
244;Piotr;Kozłowski;97062369354;Oczekuje na oplate;;0
245;Dobromił;Brzeziński;1232373597;Oczekuje na oplate;;0
246;Anastazy;Borkowski;1262261673;Oczekuje na oplate;;0
247;Konstanty;Górecki;99090257573;Oczekuje na oplate;;0
248;Damian;Krupa;1260521537;Oczekuje na oplate;;0
249;Dariusz;Piotrowski;96031763593;Oczekuje na oplate;;0
250;Krzysztof;Pietrzak;99081576959;Oczekuje na oplate;;0
251;Jarosław;Szczepański;290823659;Oczekuje na oplate;;0
252;Ksawery;Sikorska;1271286119;Oczekuje na oplate;;0
253;Alexander;Zawadzki;3230416335;Oczekuje na oplate;;0
254;Ignacy;Stępień;96111276533;Oczekuje na oplate;;0
255;Kazimierz;Górski;321897598;Oczekuje na oplate;;0
256;Leonardo;Sadowska;98112063796;Oczekuje na oplate;;0
257;Jan;Jasiński;97022788193;Oczekuje na oplate;;0
258;Józef;Głowacka;3290162676;Oczekuje na oplate;;0
259;Ireneusz;Kucharski;96020739774;Oczekuje na oplate;;0
260;Antoni;Andrzejewski;2252685554;Oczekuje na oplate;;0
261;Mateusz;Borkowski;96022167593;Oczekuje na oplate;;0
262;Mieszko;Ostrowski;272017377;Oczekuje na oplate;;0
263;Julian;Duda;98041684253;Oczekuje na oplate;;0
264;Karol;Baranowski;98112039496;Oczekuje na oplate;;0
265;Alexander;Marciniak;99010224276;Oczekuje na oplate;;0
266;Gniewomir;Baran;1232939234;Oczekuje na oplate;;0
267;Leonardo;Mazur;222383653;Oczekuje na oplate;;0
268;Daniel;Mazur;99111679672;Oczekuje na oplate;;0
269;Norbert;Michalak;1312417751;Oczekuje na oplate;;0
270;Roman;Szymański;98121049415;Oczekuje na oplate;;0
271;Igor;Kaźmierczak;3291259935;Oczekuje na oplate;;0
272;Jakub;Gajewska;1272416593;Oczekuje na oplate;;0
273;Damian;Baranowski;2291917858;Oczekuje na oplate;;1
274;Grzegorz;Woźniak;97060348151;Oczekuje na oplate;;0
275;Krzysztof;Kowalczyk;3220314991;Oczekuje na oplate;;0
276;Rafał;Tomaszewski;97101595733;Oczekuje na oplate;;0
277;Grzegorz;Lis;290191895;Oczekuje na oplate;;0
278;Emil;Maciejewski;312835374;Oczekuje na oplate;;0
279;Alojzy;Mazurek;96110667653;Oczekuje na oplate;;0
280;Artur;Zieliński;99112931573;Oczekuje na oplate;;0
281;Bartosz;Kalinowski;98011693375;Oczekuje na oplate;;0
282;Janusz;Lis;2292654299;Oczekuje na oplate;;0
283;Heronim;Mazur;3250125192;Oczekuje na oplate;;0
284;Emil;Borkowski;97032862236;Oczekuje na oplate;;0
285;Jarosław;Kucharski;3262041134;Oczekuje na oplate;;0
286;Ksawery;Adamska;98030483999;Oczekuje na oplate;;0
287;Michał;Górski;1312736412;Oczekuje na oplate;;0
288;Kamil;Michalak;2230547359;Oczekuje na oplate;;0
289;Michał;Czerwiński;3310236895;Oczekuje na oplate;;0
290;Diego;Marciniak;251577195;Oczekuje na oplate;;0
291;Denis;Urbańska;97051211873;Oczekuje na oplate;;0
292;Radosław;Górecki;301476652;Oczekuje na oplate;;0
293;Kamil;Czerwiński;3302917971;Oczekuje na oplate;;0
294;Dobromił;Jakubowski;1251079496;Oczekuje na oplate;;0
295;Maksymilian;Ostrowski;3312792373;Oczekuje na oplate;;0
296;Julian;Stępień;96010847511;Oczekuje na oplate;;0
297;Mikołaj;Jasiński;98010145996;Oczekuje na oplate;;0
298;Remigiusz;Przybylski;2250143632;Oczekuje na oplate;;0
299;Marian;Stępień;2241852594;Oczekuje na oplate;;0
300;Jerzy;Pawlak;96082672431;Oczekuje na oplate;;0
301;Maurycy;Kwiatkowski;98091771792;Oczekuje na oplate;;0
302;Artur;Laskowska;3220219272;Oczekuje na oplate;;0
303;Emanuel;Mróz;97040579191;Oczekuje na oplate;;0
304;Kajetan;Sobczak;99092531754;Oczekuje na oplate;;0
305;Mikołaj;Sadowska;96020621653;Oczekuje na oplate;;0
306;Klaudiusz;Kołodziej;282188995;Oczekuje na oplate;;0
307;Łukasz;Szczepański;3232835879;Oczekuje na oplate;;0
308;Mieszko;Dąbrowski;322396898;Oczekuje na oplate;;0
309;Mieszko;Wysocki;96033064555;Oczekuje na oplate;;0
310;Marcel;Brzeziński;3210541891;Oczekuje na oplate;;0
311;Kazimierz;Szulc;99110328515;Oczekuje na oplate;;0
312;Eugeniusz;Kowalczyk;1230238311;Oczekuje na oplate;;0
313;Kryspin;Lis;213155254;Oczekuje na oplate;;0
314;Albert;Krajewska;311296518;Oczekuje na oplate;;0
315;Piotr;Szczepański;97061812211;Oczekuje na oplate;;0
316;Marek;Michalak;2242377575;Oczekuje na oplate;;0
317;Damian;Zakrzewska;2221343137;Oczekuje na oplate;;0
318;Jakub;Brzeziński;98072286594;Oczekuje na oplate;;0
319;Heronim;Czarnecki;97032251292;Oczekuje na oplate;;0
320;Dobromił;Lewandowski;97042992516;Oczekuje na oplate;;0
321;Marcel;Górecki;99072159673;Oczekuje na oplate;;0
322;Florian;Piotrowski;2252391279;Oczekuje na oplate;;0
323;Przemysław;Szymański;98080667835;Oczekuje na oplate;;0
324;Olgierd;Michalak;221615274;Oczekuje na oplate;;0
325;Gniewomir;Andrzejewski;99042459992;Oczekuje na oplate;;0
326;Czesław;Andrzejewski;3230117731;Oczekuje na oplate;;0
327;Albert;Adamska;96020176313;Oczekuje na oplate;;0
328;Juliusz;Maciejewski;98061889995;Oczekuje na oplate;;0
329;Mirosław;Stępień;2232976193;Oczekuje na oplate;;0
330;Karol;Szymański;1311257774;Oczekuje na oplate;;0
331;Dobromił;Krupa;98062465538;Oczekuje na oplate;;0
332;Gracjan;Kwiatkowski;99061637731;Oczekuje na oplate;;0
333;Mariusz;Ziółkowska;97042432513;Oczekuje na oplate;;0
334;Radosław;Sobczak;98010772239;Oczekuje na oplate;;0
335;Fabian;Kubiak;97110432478;Oczekuje na oplate;;0
336;Marian;Zawadzki;98062749735;Oczekuje na oplate;;0
337;Emil;Witkowski;99062486334;Oczekuje na oplate;;0
338;Mirosław;Jankowski;2231797791;Oczekuje na oplate;;0
339;Konrad;Walczak;98011197374;Oczekuje na oplate;;0
340;Konrad;Szymański;1251892996;Oczekuje na oplate;;0
341;Olaf;Kołodziej;1301782659;Oczekuje na oplate;;0
342;Juliusz;Lis;96082977178;Oczekuje na oplate;;0
343;Dobromił;Krawczyk;3271356111;Oczekuje na oplate;;0
344;Błażej;Borkowski;300284995;Oczekuje na oplate;;0
345;Bronisław;Bąk;99071496995;Oczekuje na oplate;;0
346;Amir;Brzeziński;1231929973;Oczekuje na oplate;;0
347;Kewin;Ziółkowska;2253136639;Oczekuje na oplate;;0
348;Roman;Górecki;1271714951;Oczekuje na oplate;;0
349;Milan;Przybylski;96111817873;Oczekuje na oplate;;0
350;Artur;Michalak;231338136;Oczekuje na oplate;;0
351;Julian;Wojciechowski;98072831855;Oczekuje na oplate;;0
352;Maciej;Górski;3281241216;Oczekuje na oplate;;0
353;Piotr;Górecki;2241624838;Oczekuje na oplate;;0
354;Marian;Kołodziej;98040868997;Oczekuje na oplate;;0
355;Gracjan;Górski;283194238;Oczekuje na oplate;;0
356;Maurycy;Witkowski;241139837;Oczekuje na oplate;;0
357;Leonardo;Laskowska;98061978615;Oczekuje na oplate;;0
358;Jerzy;Mazurek;3273121937;Oczekuje na oplate;;0
359;Błażej;Włodarczyk;1310751798;Oczekuje na oplate;;0
360;Alek;Ziółkowska;281674314;Oczekuje na oplate;;0
361;Kryspin;Kowalczyk;97011294913;Oczekuje na oplate;;0
362;Eustachy;Cieślak;1230494418;Oczekuje na oplate;;0
363;Ryszard;Krupa;3232758598;Oczekuje na oplate;;0
364;Robert;Sawicki;99051038456;Oczekuje na oplate;;0
365;Błażej;Marciniak;99090211636;Oczekuje na oplate;;0
366;Fryderyk;Kowalski;1301753514;Oczekuje na oplate;;0
367;Krzysztof;Czerwiński;98012346432;Oczekuje na oplate;;0
368;Ryszard;Kowalczyk;97102982376;Oczekuje na oplate;;0
369;Leszek;Borkowski;97030479896;Oczekuje na oplate;;0
370;Dobromił;Bąk;96082939253;Oczekuje na oplate;;0
371;Milan;Duda;1320647757;Oczekuje na oplate;;0
372;Gniewomir;Baran;96110939695;Oczekuje na oplate;;0
373;Janusz;Sokołowski;97051184634;Oczekuje na oplate;;0
374;Adam;Krawczyk;2262942414;Oczekuje na oplate;;0
375;Milan;Szulc;2322634497;Oczekuje na oplate;;0
376;Aleksander;Brzeziński;96092576453;Oczekuje na oplate;;0
377;Piotr;Przybylski;97101093835;Oczekuje na oplate;;0
378;Marcin;Zawadzki;98051752694;Oczekuje na oplate;;0
379;Alek;Kamiński;3231683718;Oczekuje na oplate;;0
380;Janusz;Pietrzak;98102299893;Oczekuje na oplate;;0
381;Amadeusz;Jasiński;96071116715;Oczekuje na oplate;;0
382;Allan;Krawczyk;97110641412;Oczekuje na oplate;;0
383;Damian;Kowalski;2231999117;Oczekuje na oplate;;0
384;Marek;Duda;97081261376;Oczekuje na oplate;;0
385;Ireneusz;Wójcik;97052429396;Oczekuje na oplate;;0
386;Fryderyk;Wiśniewski;99013071912;Oczekuje na oplate;;0
387;Borys;Duda;2302154335;Oczekuje na oplate;;1
388;Anatol;Szymczak;1292674915;Oczekuje na oplate;;0
389;Karol;Lis;2300172713;Oczekuje na oplate;;0
390;Leszek;Cieślak;96100887898;Oczekuje na oplate;;0
391;Dawid;Mróz;96031577718;Oczekuje na oplate;;0
392;Ariel;Woźniak;96091831373;Oczekuje na oplate;;0
393;Ludwik;Ostrowski;3311981534;Oczekuje na oplate;;0
394;Mateusz;Zalewski;96091158575;Oczekuje na oplate;;0
395;Artur;Kowalski;1220233797;Oczekuje na oplate;;0
396;Kajetan;Nowak;97081111978;Oczekuje na oplate;;0
397;Konrad;Ziółkowska;97122077636;Oczekuje na oplate;;0
398;Ireneusz;Brzeziński;97071937951;Oczekuje na oplate;;0
399;Anastazy;Szulc;1220612774;Oczekuje na oplate;;0
400;Filip;Baranowski;98022026276;Oczekuje na oplate;;0
